Workbook
Name PeopleNames: People!$B$2:$B$100
Name ProjectNames: Projects!$B$2:$B$100

Sheet People
A1: PersonID | B1: Name | C1: Role | D1: Email | E1: Hourly Rate
A2: 1 | B2: Alice Johnson | C2: Developer | D2: alice@example.com | E2: 75
A3: 2 | B3: Bob Smith | C3: Designer | D3: bob@example.com | E3: 65
A4: 3 | B4: Carol Williams | C4: Manager | D4: carol@example.com | E4: 85
A5: 4 | B5: David Brown | C5: Developer | D5: david@example.com | E5: 70

Sheet Projects
A1: ProjectID | B1: Project Name | C1: Client | D1: Start Date | E1: End Date | F1: Budget
A2: 1 | B2: Website Redesign | C2: Acme Corp | D2: 2024-01-15 | E2: 2024-04-30 | F2: 25000
A3: 2 | B3: Mobile App | C3: TechStart Inc | D3: 2024-02-01 | E3: 2024-06-30 | F3: 45000
A4: 3 | B4: Database Migration | C4: Global Ltd | D4: 2024-03-01 | E4: 2024-05-15 | F4: 18000

Sheet Tasks
A1: TaskID | B1: Task Name | C1: Project | D1: Assignee | E1: Status | F1: Priority | G1: Hours Est. | H1: Hours Actual | I1: Due Date
A2: 1 | B2: Design mockups | C2: Website Redesign | D2: Bob Smith | E2: Completed | F2: High | G2: 20 | H2: 18 | I2: 2024-02-01
A3: 2 | B3: Frontend development | C3: Website Redesign | D3: Alice Johnson | E3: In Progress | F3: High | G3: 40 | H3: 25 | I3: 2024-03-15
A4: 3 | B4: API integration | C4: Mobile App | D4: David Brown | E4: Not Started | F4: Medium | G4: 30 | H4: 0 | I4: 2024-04-01
A5: 4 | B5: User testing | C5: Website Redesign | D5: Carol Williams | E5: Not Started | F5: Medium | G5: 15 | H5: 0 | I5: 2024-04-15
A6: 5 | B6: Database schema | C6: Database Migration | D6: Alice Johnson | E6: In Progress | F6: High | G6: 25 | H6: 12 | I6: 2024-03-20

Sheet Dashboard
A1: PROJECT DASHBOARD
A3: SUMMARY METRICS
A4: Total Tasks: | B4: =COUNTA(Tasks!A2:A100)
A5: Completed: | B5: =COUNTIF(Tasks!E:E,"Completed")
A6: In Progress: | B6: =COUNTIF(Tasks!E:E,"In Progress")
A7: Not Started: | B7: =COUNTIF(Tasks!E:E,"Not Started")
A8: Completion Rate: | B8: =IF(COUNTA(Tasks!A2:A100)>0,COUNTIF(Tasks!E:E,"Completed")/COUNTA(Tasks!A2:A100),0)
A9: Total Hours Est.: | B9: =SUM(Tasks!G:G)
A10: Total Hours Actual: | B10: =SUM(Tasks!H:H)
A13: TASKS BY PROJECT
A14: Project | B14: Total | C14: Completed | D14: % Done
A15: Website Redesign | B15: =COUNTIF(Tasks!C:C,"Website Redesign") | C15: =COUNTIFS(Tasks!C:C,"Website Redesign",Tasks!E:E,"Completed") | D15: =IF(B15>0,C15/B15,0)
A16: Mobile App | B16: =COUNTIF(Tasks!C:C,"Mobile App") | C16: =COUNTIFS(Tasks!C:C,"Mobile App",Tasks!E:E,"Completed") | D16: =IF(B16>0,C16/B16,0)
A17: Database Migration | B17: =COUNTIF(Tasks!C:C,"Database Migration") | C17: =COUNTIFS(Tasks!C:C,"Database Migration",Tasks!E:E,"Completed") | D17: =IF(B17>0,C17/B17,0)
A20: TASKS BY ASSIGNEE
A21: Assignee | B21: Assigned | C21: Completed | D21: Hours
A22: Alice Johnson | B22: =COUNTIF(Tasks!D:D,"Alice Johnson") | C22: =COUNTIFS(Tasks!D:D,"Alice Johnson",Tasks!E:E,"Completed") | D22: =SUMIF(Tasks!D:D,"Alice Johnson",Tasks!H:H)
A23: Bob Smith | B23: =COUNTIF(Tasks!D:D,"Bob Smith") | C23: =COUNTIFS(Tasks!D:D,"Bob Smith",Tasks!E:E,"Completed") | D23: =SUMIF(Tasks!D:D,"Bob Smith",Tasks!H:H)
A24: Carol Williams | B24: =COUNTIF(Tasks!D:D,"Carol Williams") | C24: =COUNTIFS(Tasks!D:D,"Carol Williams",Tasks!E:E,"Completed") | D24: =SUMIF(Tasks!D:D,"Carol Williams",Tasks!H:H)
A25: David Brown | B25: =COUNTIF(Tasks!D:D,"David Brown") | C25: =COUNTIFS(Tasks!D:D,"David Brown",Tasks!E:E,"Completed") | D25: =SUMIF(Tasks!D:D,"David Brown",Tasks!H:H)
